experiment,time,psnr,ssim,loss_critic,loss_generator
7_first_experiment,00:16:50,11.103890439714435,0.34202152,1.099349385527171,0.1359923942584425
8_model_compile,00:16:49,19.3652867520302,0.4844975471496582,-1.2957792903326415,0.0911528160242729
9_transform,00:17:01,1.7978309320343853,-0.0438352711498737,-7.376533726493926,0.7896081656897993
10_normal,00:16:51,8.219669060046096,0.31684741377830505,-31.28607681788266,1.967616661362452
